Key,English,Traditional Chinese,Thai,Vietnamese,Indonesia,Brazilian Portuguese,Spanish,Russian,French,German,Turkish,Hindi,Romanian,Arabic,Burmese,Urdu,Bengali
GAME_NAME,Bermuda Duo Squad,,,Song Lang Chiến,,,,,,,,,,,,,
GAME_DESCRIPTION,2vs2vs2vs2 mode with special events,,,Chế độ 2vs2vs2vs2 với sự kiện đặc biệt,,,,,,,,,,,,,
EVENT_0,"In this round, everyone has big head",在這一輪中，每個人都有大頭,ในรอบนี้ทุกคนมีหัวใหญ่,"Vòng này, mọi người có đầu thật to","Di babak ini, semua orang memiliki kepala besar","Nesta rodada, todo mundo tem cabeça grande","En esta ronda, todos tienen cabeza grande",В этом раунде у каждого большая голова,"Dans ce tour, tout le monde a une grande tête",In dieser Runde hat jeder einen großen Kopf,Bu turda herkesin büyük kafası var,"इस दौर में, सभी के पास बड़ा सिर है","În această rundă, toată lumea are un cap mare",في هذه الجولة ، كل شخص لديه رأس كبير,ဒီပတ်ပတ်လည်မှာလူတိုင်းမှာခေါင်းကြီးတွေရှိတယ်,اس دور میں ، ہر ایک کا سر بڑا ہے,"এই রাউন্ডে, প্রত্যেকেরই বড় মাথা আছে"
EVENT_1,"In this round, zero gravity zone appears",在這一輪中，出現零重力區,ในรอบนี้โซนแรงโน้มถ่วงศูนย์จะปรากฏขึ้น,"Vòng này, vùng không trọng lực xuất hiện","Di babak ini, zona gravitasi nol muncul","Nesta rodada, a zona de gravidade zero aparece","En esta ronda, aparece la zona de gravedad cero",В этом раунде появляется зона невесомости,"Dans ce tour, la zone de gravité zéro apparaît",In dieser Runde erscheint die Schwereloktionszone,Bu turda sıfır yerçekimi bölgesi ortaya çıkar,"इस दौर में, शून्य गुरुत्वाकर्षण क्षेत्र दिखाई देता है","În această rundă, apare Zero Gravity Zone",في هذه الجولة ، تظهر منطقة الجاذبية صفر,ဒီပတ်ပတ်လည်မှာသုညဆွဲငင်အားဇုန်ပေါ်လာလိမ့်မယ်,اس دور میں ، صفر کشش ثقل زون ظاہر ہوتا ہے,"এই রাউন্ডে, শূন্য মাধ্যাকর্ষণ অঞ্চল উপস্থিত হয়"
EVENT_2,"In this round, everyone has a lot of gloowalls",在這一輪中，每個人都有很多Gloowalls,ในรอบนี้ทุกคนมี gloowalls มากมาย,"Vòng này, mọi người có rất nhiều bom keo","Di babak ini, setiap orang memiliki banyak Gloowalls","Nesta rodada, todo mundo tem muitos gloowalls","En esta ronda, todos tienen muchos gloowalls",В этом раунде у всех много глюоволсов,"Dans ce tour, tout le monde a beaucoup de Gloowalls",In dieser Runde hat jeder viele Gloowalls,"Bu turda, herkesin çok fazla gloowall var","इस दौर में, सभी के पास बहुत सारे ग्लोवॉल हैं","În această rundă, toată lumea are o mulțime de Gloowalls",في هذه الجولة ، كل شخص لديه الكثير من gloowalls,ဒီပတ်ပတ်လည်မှာလူတိုင်းမှာ gloowalls တွေအများကြီးရှိတယ်,اس دور میں ، ہر ایک کے پاس بہت سارے گلوولز ہوتے ہیں,"এই রাউন্ডে, প্রত্যেকের প্রচুর গ্লোওল রয়েছে"
EVENT_3,"In this round, everyone has a lot of grenades",在這一輪中，每個人都有很多手榴彈,ในรอบนี้ทุกคนมีระเบิดจำนวนมาก,"Vòng này, mọi người có rất nhiều lựu đạn","Di babak ini, setiap orang memiliki banyak granat","Nesta rodada, todo mundo tem muitas granadas","En esta ronda, todos tienen muchas granadas",В этом раунде у всех много гранат,"Dans ce tour, tout le monde a beaucoup de grenades",In dieser Runde hat jeder viele Granaten,Bu turda herkesin çok fazla el bombası var,"इस दौर में, सभी के पास बहुत सारे ग्रेनेड हैं","În această rundă, toată lumea are o mulțime de grenade",في هذه الجولة ، كل شخص لديه الكثير من القنابل اليدوية,ဒီပတ်ပတ်လည်မှာလူတိုင်းမှာလက်ပစ်ဗုံးတွေအများကြီးရှိတယ်,اس دور میں ، ہر ایک کے پاس بہت سارے دستی بم ہوتے ہیں,"এই রাউন্ডে, প্রত্যেকের প্রচুর গ্রেনেড রয়েছে"
EVENT_4,"In this round, everyone  movement speed is increase",在這一輪中，每個人的運動速度都在提高,ในรอบนี้ความเร็วการเคลื่อนไหวของทุกคนเพิ่มขึ้น,"Vòng này, tốc độ di chuyển được gia tăng","Di babak ini, kecepatan gerakan semua orang meningkat","Nesta rodada, a velocidade de movimento de todos é aumentar","En esta ronda, la velocidad de movimiento de todos es el aumento",В этом раунде скорость движения все увеличивается,"Dans ce tour, la vitesse de déplacement de tout le monde augmente",In dieser Runde erhöht sich alle Bewegungsgeschwindigkeiten,Bu turda herkes hareket hızı artıyor,"इस दौर में, सभी आंदोलन की गति में वृद्धि हुई है","În această rundă, toată viteza de mișcare a tuturor creșterii",في هذه الجولة ، تزداد سرعة حركة الجميع,ဒီပတ်ပတ်လည်မှာလူတိုင်းလှုပ်ရှားမှုမြန်နှုန်းတိုးလာသည်,اس دور میں ، ہر ایک کی نقل و حرکت کی رفتار میں اضافہ ہوتا ہے,"এই রাউন্ডে, প্রত্যেকের চলাচলের গতি বৃদ্ধি পায়"
EVENT_5,"In this round, body gets smaller when it gets shot",在這一輪中，被射擊時身體變小,ในรอบนี้ร่างกายจะเล็กลงเมื่อมันถูกยิง,"Vòng này, cơ thể nhỏ lại khi bị bắn","Di babak ini, tubuh menjadi lebih kecil saat ditembak","Nesta rodada, o corpo fica menor quando é baleado","En esta ronda, el cuerpo se hace más pequeño cuando se dispara","В этом раунде тело становится меньше, когда его застреляют","Dans ce tour, le corps devient plus petit quand il est abattu","In dieser Runde wird der Körper kleiner, wenn er erschossen wird","Bu turda, vücut vurulduğunda küçülür","इस दौर में, शॉट होने पर शरीर छोटा हो जाता है","În această rundă, corpul devine mai mic atunci când este împușcat",في هذه الجولة ، يصبح الجسم أصغر عندما يتم إطلاق النار عليه,ဒီပတ်ပတ်လည်မှာတော့ခန္ဓာကိုယ်ကပစ်သတ်တဲ့အခါခန္ဓာကိုယ်ကသေးငယ်လာတယ်,اس دور میں ، جب اسے گولی مار دی جاتی ہے تو جسم چھوٹا ہوجاتا ہے,"এই রাউন্ডে, শট লাগলে শরীর আরও ছোট হয়"
EVENT_6,"In this round, body gets bigger when it gets shot",在這一輪中，身體被射擊時會變大,ในรอบนี้ร่างกายจะใหญ่ขึ้นเมื่อมันถูกยิง,"Vòng này, cơ thể to ra khi bị bắn","Di babak ini, tubuh menjadi lebih besar saat ditembak","Nesta rodada, o corpo fica maior quando é baleado","En esta ronda, el cuerpo se hace más grande cuando recibe un disparo","В этом раунде тело становится больше, когда его застреляют","Dans ce tour, le corps grossit quand il est abattu","In dieser Runde wird der Körper größer, wenn er erschossen wird","Bu turda, vurulduğunda vücut büyür","इस दौर में, शॉट होने पर शरीर बड़ा हो जाता है","În această rundă, corpul devine mai mare atunci când este împușcat",في هذه الجولة ، يصبح الجسم أكبر عندما يتم إطلاق النار عليه,ဒီပတ်ပတ်လည်မှာခန္ဓာကိုယ်ကပစ်သတ်တဲ့အခါခန္ဓာကိုယ်ကပိုကြီးလာတယ်,اس دور میں ، جب اسے گولی مار دی جاتی ہے تو جسم بڑا ہوجاتا ہے,"এই রাউন্ডে, শট লাগলে শরীর আরও বড় হয়"
EVENT_7,"In this round, everyone has jet pack shoes",在這一輪中，每個人都有噴氣鞋,ในรอบนี้ทุกคนมีรองเท้าเจ็ตแพ็ค,"Vòng này, mọi người có giày tên lửa","Di babak ini, semua orang memiliki sepatu jet pack","Nesta rodada, todos têm sapatos de jato","En esta ronda, todos tienen zapatos de paquete de jet",В этом раунде у всех есть туфли Jet Pack,"Dans ce tour, tout le monde a des chaussures à réaction",In dieser Runde hat jeder Jet -Pack -Schuhe,Bu turda herkesin jet paketi ayakkabısı var,"इस दौर में, सभी के पास जेट पैक जूते हैं","În această rundă, toată lumea are pantofi cu pachete cu jet",في هذه الجولة ، كل شخص لديه أحذية حزمة نفاثة,ဒီပတ်ပတ်လည်မှာလူတိုင်းဂျက်ထုပ်ဖိနပ်တွေရှိတယ်,اس دور میں ، ہر ایک کے پاس جیٹ پیک کے جوتے ہیں,"এই রাউন্ডে, প্রত্যেকের জেট প্যাক জুতা রয়েছে"
EVENT_8,"In this round, everyone change to FPP",在這一輪中，每個人都變成了FPP,ในรอบนี้ทุกคนเปลี่ยนเป็น FPP,"Vòng này, mọi người đổi sang góc nhìn thứ nhất","Di babak ini, semua orang berubah menjadi FPP","Nesta rodada, todos mudam para o FPP","En esta ronda, todos cambian a FPP",В этом раунде все переходят на FPP,"Dans ce tour, tout le monde change en FPP",In dieser Runde wechseln alle zu FPP,Bu turda herkes FPP'ye değişir,"इस दौर में, हर कोई FPP में बदल जाता है","În această rundă, toată lumea se schimbă la FPP",في هذه الجولة ، يتغير الجميع إلى FPP,ဒီပတ်ပတ်လည်မှာလူတိုင်း FPP ကိုပြောင်းလိုက်တယ်,اس دور میں ، ہر ایک ایف پی پی میں بدل جاتا ہے,"এই রাউন্ডে, প্রত্যেকে এফপিপি -তে পরিবর্তিত হয়"
EVENT_9,"In this round, the night comes",在這一輪中，夜晚來了,ในรอบนี้คืนมา,"Vòng này, màn đêm buông xuống","Di babak ini, malam tiba","Nesta rodada, chega a noite","En esta ronda, llega la noche",В этом раунде наступает ночь,"Dans ce tour, la nuit vient",In dieser Runde kommt die Nacht,Bu turda gece geliyor,"इस दौर में, रात आती है","În această rundă, vine noaptea",في هذه الجولة ، تأتي الليلة,ဒီပတ်ပတ်လည်မှာညဥ့်လာပါတယ်,اس دور میں ، رات آتی ہے,"এই রাউন্ডে, রাত আসে"
RED_WIN,RED TEAM WIN,紅隊獲勝,ทีมสีแดงชนะ,ĐỘI ĐỎ THẮNG,TIM MERAH MENANG,VITÓRIA DA EQUIPE VERMELHA,GANAR EL EQUIPO ROJO,Красная команда выигрывает,Gagner l'équipe rouge,Roter Teamgewinn,Kırmızı Takım Kazandı,रेड टीम जीत,Câștigă echipa roșie,الفوز الفريق الأحمر,အနီရောင်အသင်းအနိုင်ရရှိ,ریڈ ٹیم جیت,রেড টিম জয়
BLUE_WIN,BLUE TEAM WIN,藍隊獲勝,ทีมสีน้ำเงินชนะ,ĐỘI LAM THẮNG,TIM BLUE WIN,VITÓRIA DA EQUIPE AZUL,GANAR EL EQUIPO AZUL,Синяя команда выигрывает,Victoire de l'équipe bleue,Blue Team Win,Mavi Takım Kazanması,ब्लू टीम जीत,Câștigă echipa albastră,فوز الفريق الأزرق,အပြာရောင်အသင်းအနိုင်ရ,بلیو ٹیم جیت,নীল দল জয়
PINK_WIN,PINK TEAM WIN,粉紅色的團隊獲勝,ทีมสีชมพูชนะ,ĐỘI HỒNG THẮNG,TIM MERAH MUDA MENANG,VITÓRIA DA EQUIPE ROSA,GANAR EL EQUIPO ROSA,Розовая команда победа,Victoire de l'équipe rose,Pink -Team -Gewinn,Pembe Takım Kazanması,गुलाबी टीम जीत,Echipa roz câștigă,فوز الفريق الوردي,ပန်းရောင်အသင်းအနိုင်ရ,گلابی ٹیم جیت,গোলাপী দল জয়
GREEN_WIN,GREEN TEAM WIN,綠色團隊獲勝,ทีมสีเขียวชนะ,ĐỘI LỤC THẮNG,TIM HIJAU MENANG,VITÓRIA DA EQUIPE VERDE,GANAR EL EQUIPO VERDE,Зеленая команда выигрывает,Victoire de l'équipe verte,Green Team Win,Yeşil Takım Kazandı,ग्रीन टीम जीत,Echipa Verde câștigă,فوز الفريق الأخضر,အစိမ်းရောင်အသင်းအနိုင်ရ,گرین ٹیم جیت,সবুজ দল জয়
YELLOW_WIN,YELLOW TEAM WIN,黃隊獲勝,ทีมสีเหลืองชนะ,ĐỘI VÀNG THẮNG,Tim kuning menang,Venceda da equipe amarela,Ganar el equipo amarillo,Желтая команда победа,Victoire de l'équipe jaune,Gewinn des gelben Teams,Sarı Takım Kazandı,पीली टीम जीत,Echipa galbenă câștigă,فوز الفريق الأصفر,အဝါရောင်အသင်းအနိုင်ရရှိ,پیلے رنگ کی ٹیم جیت,হলুদ দল জয়
BORDER_1,"Border is about to close, water is about to rise!",邊界即將關閉，水即將上升！,ชายแดนกำลังจะปิดน้ำกำลังจะสูงขึ้น!,"Vòng bo chuẩn bị thu, nước chuẩn bị dâng!","Perbatasan akan ditutup, air akan naik!","A fronteira está prestes a fechar, a água está prestes a subir!","El borde está a punto de cerrar, ¡el agua está a punto de aumentar!","Граница собирается закрыть, вода собирается подняться!","La frontière est sur le point de fermer, l'eau est sur le point de monter!","Die Grenze ist kurz davor zu schließen, Wasser steigt kurz vor!","Sınır kapatmak üzere, su yükselmek üzere!","सीमा बंद होने वाली है, पानी उठने वाला है!","Granița este pe cale să se închidă, apa este pe cale să crească!",الحدود على وشك الإغلاق ، والمياه على وشك الارتفاع!,နယ်စပ်သည်နီးကပ်နေပြီးရေမြင့်တက်တော့မည်။,بارڈر بند ہونے ہی والا ہے ، پانی اٹھنے ہی والا ہے!,"সীমানা বন্ধ হতে চলেছে, জল বাড়তে চলেছে!"
BORDER_2,Border is about to close!,邊界即將關閉！,ชายแดนกำลังจะปิด!,Vòng bo chuẩn bị thu!,Perbatasan akan segera ditutup!,A fronteira está prestes a fechar!,¡El borde está a punto de cerrar!,Граница собирается закрыть!,La frontière est sur le point de fermer!,Grenze ist kurz vor dem Schließen!,Sınır kapatmak üzere!,सीमा बंद होने वाली है!,Granița este pe cale să închidă!,الحدود على وشك الإغلاق!,နယ်စပ်ကိုပိတ်တော့မည်။,بارڈر بند ہونے ہی والا ہے!,সীমানা বন্ধ হতে চলেছে!
VOTE,Vote your weapons,投票給你的武器,โหวตอาวุธของคุณ,Chọn vũ khí của bạn,Pilih senjatamu,Vote suas armas,Vota tus armas,Проголосовать за свое оружие,Votez vos armes,Stimmen Sie Ihre Waffen ab,Silahlarınızı Oy Ver,अपने हथियार वोट करें,Votează -ți armele,التصويت على أسلحتك,သင့်ရဲ့လက်နက်များကိုမဲပေးပါ,اپنے ہتھیاروں کو ووٹ دیں,আপনার অস্ত্র ভোট দিন
VOTE_RESULT,Weapon result,武器結果,ผลอาวุธ,Kết quả lựa chọn,Hasil senjata,Resultado da arma,Resultado del arma,Результат оружия,Résultat de l'arme,Waffenergebnis,Silah Sonucu,हथियार परिणाम,Rezultatul armei,نتيجة سلاح,လက်နက်ရလဒ်,ہتھیاروں کا نتیجہ,অস্ত্র ফলাফল
ROUND_START,ROUND START,圓點開始,รอบ,Vòng đấu bắt đầu,Mulai putaran,Início redondo,Inicio de la ronda,Круглый старт,Démarrage,Runder Start,Yuvarlak başlangıç,दौर की शुरुआत,Pornire rotundă,بداية جولة,Round Start,گول اسٹارٹ,গোল শুরু
BLUE,BLUE,藍色的,สีฟ้า,LAM,BIRU,AZUL,AZUL,СИНИЙ,BLEU,BLAU,MAVİ,नीला,ALBASTRU,أزرق,ပြာသော,نیلے رنگ,নীল
RED,RED,紅色的,สีแดง,ĐỎ,MERAH,VERMELHO,ROJO,КРАСНЫЙ,ROUGE,ROT,KIRMIZI,लाल,ROȘU,أحمر,အနီေရာင်,سرخ,লাল
PINK,PINK,粉色的,สีชมพู,HỒNG,MERAH JAMBU,ROSA,ROSA,РОЗОВЫЙ,ROSE,ROSA,PEMBE,गुलाबी,ROZ,لون القرنفل,ပန်းရောင်,گلابی,গোলাপী
GREEN,GREEN,綠色的,สีเขียว,LỤC,HIJAU,VERDE,VERDE,ЗЕЛЕНЫЙ,VERT,GRÜN,YEŞİL,हरा,VERDE,أخضر,စိမ်းလန်းသော,سبز,সবুজ
YELLOW,YELLOW,黃色的,สีเหลือง,VÀNG,KUNING,AMARELO,AMARILLO,ЖЕЛТЫЙ,JAUNE,GELB,SARI,पीला,GALBEN,أصفر,ဝါသော,پیلے رنگ,হলুদ
WATER,WATER IS RISING!,水正在上升！,น้ำกำลังเพิ่มขึ้น!,MỰC NƯỚC ĐANG DÂNG!,Air naik!,A água está subindo!,¡El agua está aumentando!,Вода поднимается!,L'eau augmente!,Wasser steigt!,Su yükseliyor!,पानी बढ़ रहा है!,Apa crește!,الماء يرتفع!,ရေထလာပြီ!,پانی بڑھ رہا ہے!,জল উঠছে!
ROUND_INFO,"Eliminate all enemies! Watch out, the water is rising!",消除所有敵人！提防，水正在上升！,กำจัดศัตรูทั้งหมด! ระวังน้ำกำลังเพิ่มขึ้น!,"Tiêu Diệt tất cả kẻ dịch! Cẩn thận, mực nước đang dâng","Hilangkan semua musuh! Watch out, airnya naik!","Elimine todos os inimigos! Cuidado, a água está subindo!","¡Elimina a todos los enemigos! ¡Cuidado, el agua está aumentando!","Устраните всех врагов! Берегись, вода поднимается!","Éliminez tous les ennemis! Attention, l'eau monte!","Beseitigen Sie alle Feinde! Pass auf, das Wasser steigt!","Tüm düşmanları ortadan kaldırın! Dikkat et, su yükseliyor!","सभी दुश्मनों को हटा दें! बाहर देखो, पानी बढ़ रहा है!","Eliminați toți dușmanii! Atenție, apa crește!",القضاء على جميع الأعداء! احترس ، الماء يرتفع!,"ရန်သူအားလုံးကိုဖယ်ရှားပါ။ သတိထားပါ, ရေထလာပြီ!",تمام دشمنوں کو ختم کریں! دیکھو ، پانی بڑھ رہا ہے!,"সমস্ত শত্রু দূর করুন! দেখুন, জল উঠছে!"